{
  "layer": 25,
  "model_checkpoint": "checkpoints/realtime_corrector/best_model.pth",
  "sequence_length": 50,
  "num_points": 1550,
  "metrics": {
    "rms_uncorr": 97.78955725826802,
    "rms_corr": 72.24486298434958,
    "mean_uncorr": 83.29275606134047,
    "mean_corr": 65.26937791800329,
    "max_uncorr": 267.68905036532516,
    "max_corr": 187.19324645782072,
    "improvement": 26.122108525814657
  }
}