{
  "config": {
    "checkpoint": "checkpoints/realtime_corrector/best_model.pth",
    "layer": 25,
    "seq_len": 50
  },
  "metrics": {
    "rms_uncorr": 94.78420454102638,
    "rms_corr": 51.148401148761735,
    "mean_uncorr": 80.98338001274979,
    "mean_corr": 37.69604720726842,
    "max_uncorr": 266.1993425186312,
    "max_corr": 215.07596747480872,
    "improvement": 46.03699910081255
  }
}