{
  "timestamp": "2026-01-29T18:05:12.311172",
  "model_info": {
    "num_parameters": 896030,
    "trainable_parameters": 896030
  },
  "metrics": {
    "adhesion_strength": {
      "name": "Adhesion Strength",
      "unit": "ratio",
      "nice_name": "\u7c98\u5408\u529b\u5f3a\u5ea6",
      "mse": 0.09297581017017365,
      "rmse": 0.30491936206817627,
      "mae": 0.2874434292316437,
      "r2": -0.009842395782470703,
      "mape": 1568981760.0,
      "max_error": 0.4601786732673645,
      "median_error": 0.21963973343372345,
      "correlation": 0.18296384962468504,
      "within_tolerance": 0.0,
      "pred_mean": 0.40894609689712524,
      "pred_std": 0.020108839496970177,
      "target_mean": 0.3566529452800751,
      "target_std": 0.3034297823905945,
      "bias": 0.05229315161705017
    },
    "internal_stress": {
      "name": "Internal Stress",
      "unit": "MPa",
      "nice_name": "\u5185\u5e94\u529b",
      "mse": 4.448324203491211,
      "rmse": 2.109105110168457,
      "mae": 1.6644951105117798,
      "r2": 0.0516585111618042,
      "mape": 8.642555236816406,
      "max_error": 7.565052032470703,
      "median_error": 1.1109681129455566,
      "correlation": 0.3541439521918088,
      "within_tolerance": 60.23454157782516,
      "pred_mean": 17.90056610107422,
      "pred_std": 0.6109822392463684,
      "target_mean": 18.467697143554688,
      "target_std": 2.1657874584198,
      "bias": -0.5671310424804688
    },
    "porosity": {
      "name": "Porosity",
      "unit": "%",
      "nice_name": "\u5b54\u9699\u7387",
      "mse": 6.964262962341309,
      "rmse": 2.638988971710205,
      "mae": 2.238823175430298,
      "r2": -0.3350222110748291,
      "mape": 13.912290573120117,
      "max_error": 5.349643707275391,
      "median_error": 2.8283157348632812,
      "correlation": 0.3785714239952041,
      "within_tolerance": 35.501066098081026,
      "pred_mean": 19.071449279785156,
      "pred_std": 1.0115317106246948,
      "target_mean": 17.498641967773438,
      "target_std": 2.2839856147766113,
      "bias": 1.5728073120117188
    },
    "dimensional_accuracy": {
      "name": "Dimensional Accuracy",
      "unit": "mm",
      "nice_name": "\u5c3a\u5bf8\u7cbe\u5ea6",
      "mse": 0.0017061310354620218,
      "rmse": 0.04130534082651138,
      "mae": 0.03596458211541176,
      "r2": -3.5917305946350098,
      "mape": 22.23163604736328,
      "max_error": 0.10595535486936569,
      "median_error": 0.03490617126226425,
      "correlation": 0.10108388545721597,
      "within_tolerance": 18.550106609808104,
      "pred_mean": 0.12204226851463318,
      "pred_std": 0.016093416139483452,
      "target_mean": 0.15578071773052216,
      "target_std": 0.019276047125458717,
      "bias": -0.03373844921588898
    },
    "quality_score": {
      "name": "Quality Score",
      "unit": "score",
      "nice_name": "\u8d28\u91cf\u5206\u6570",
      "mse": 0.02336079068481922,
      "rmse": 0.15284237265586853,
      "mae": 0.13856922090053558,
      "r2": -0.026739835739135742,
      "mape": 39.40424728393555,
      "max_error": 0.2694583535194397,
      "median_error": 0.10576567053794861,
      "correlation": 0.22073962261208255,
      "within_tolerance": 0.0,
      "pred_mean": 0.5013254284858704,
      "pred_std": 0.018427491188049316,
      "target_mean": 0.46264782547950745,
      "target_std": 0.1508389711380005,
      "bias": 0.038677603006362915
    }
  }
}