{
  "metrics": {
    "r2_x": 0.6861386895179749,
    "r2_y": 0.7020010948181152,
    "r2_avg": 0.694069892168045,
    "mae_x": 0.016641272231936455,
    "mae_y": 0.019066253677010536,
    "mae_avg": 0.017853762954473495,
    "rmse_x": 0.028210828086127963,
    "rmse_y": 0.0320376290970656,
    "rmse_avg": 0.03012422859159678,
    "corr_x": 0.8364624280923105,
    "corr_y": 0.8414961654277877,
    "corr_avg": 0.8389792967600491
  },
  "inference_performance": {
    "avg_time_ms": 0.3368580500009557,
    "throughput": 2968.6094780788612
  },
  "checkpoint": "checkpoints/realtime_corrector/best_model.pth"
}