{
  "metrics": {
    "r2_x": 0.6713452339172363,
    "r2_y": 0.677518904209137,
    "r2_avg": 0.6744320690631866,
    "mae_x": 0.02118893526494503,
    "mae_y": 0.02488572709262371,
    "mae_avg": 0.02303733117878437,
    "rmse_x": 0.03129825554322488,
    "rmse_y": 0.03674468959290187,
    "rmse_avg": 0.03402147256806337,
    "corr_x": 0.8241369697801514,
    "corr_y": 0.8275267526043502,
    "corr_avg": 0.8258318611922508
  },
  "inference_performance": {
    "avg_time_ms": 0.4512873999992735,
    "throughput": 2215.882827665053
  },
  "checkpoint": "checkpoints/realtime_corrector/best_model.pth"
}