metric,value
MAE_x,0.0038140977267175913
MAE_y,0.003326525678858161
RMSE_x,0.004931930918246508
RMSE_y,0.0044176895171403885
