{
  "total_test_loss": 0.0077137176651160076,
  "metrics": {
    "X": {
      "r2": 0.1427921349746283,
      "mae": 0.0375639833509922,
      "rmse": 0.05110176280140877,
      "correlation": 0.37787846587842017,
      "mae_normalized": 0.10489901155233383,
      "target_mean": 0.01613236591219902,
      "target_std": 0.05141911655664444,
      "pred_mean": 0.0016561286756768823,
      "pred_std": 0.031067829579114914,
      "target_range": 0.3580966293811798,
      "num_samples": 18083
    },
    "Y": {
      "r2": 0.11873918588073468,
      "mae": 0.0541754812002182,
      "rmse": 0.07143057882785797,
      "correlation": 0.3445855276716286,
      "mae_normalized": 0.12085947394371033,
      "target_mean": 0.017688119783997536,
      "target_std": 0.056878454983234406,
      "pred_mean": -0.028721241280436516,
      "pred_std": 0.02947269007563591,
      "target_range": 0.4482518434524536,
      "num_samples": 18083
    }
  }
}