{
  "total_test_loss": 0.010444599939062467,
  "metrics": {
    "X": {
      "r2": 0.07649180610560657,
      "mae": 0.051206815987825394,
      "rmse": 0.0672243982553482,
      "correlation": 0.2765715207782728,
      "mae_normalized": 0.1430910974740982,
      "target_mean": 0.01661616936326027,
      "target_std": 0.05108993127942085,
      "pred_mean": -0.028751887381076813,
      "pred_std": 0.021224774420261383,
      "target_range": 0.35786163806915283,
      "num_samples": 34673
    },
    "Y": {
      "r2": 0.1283009048263656,
      "mae": 0.06014229357242584,
      "rmse": 0.07697714120149612,
      "correlation": 0.3581911568232326,
      "mae_normalized": 0.1341707706451416,
      "target_mean": 0.017687145620584488,
      "target_std": 0.05780738964676857,
      "pred_mean": -0.03715045750141144,
      "pred_std": 0.018389757722616196,
      "target_range": 0.4482518434524536,
      "num_samples": 34673
    }
  }
}