{
  "total_test_loss": 0.009988921110728249,
  "metrics": {
    "X": {
      "r2": 0.0011825055328141586,
      "mae": 0.01651111990213394,
      "rmse": 0.021702557802200317,
      "correlation": -0.03438757817605303,
      "mae_normalized": 4.043882369995117,
      "target_mean": 7.023815840057068e-08,
      "target_std": 0.0010136297205463052,
      "pred_mean": 0.010282001458108425,
      "pred_std": 0.019050654023885727,
      "target_range": 0.004082987084984779,
      "num_samples": 86642
    },
    "Y": {
      "r2": 0.002535901297360016,
      "mae": 0.09622209519147873,
      "rmse": 0.09755981713533401,
      "correlation": 0.050357733242869615,
      "mae_normalized": 11.469572067260742,
      "target_mean": -4.629562681657262e-06,
      "target_std": 0.0013061757199466228,
      "pred_mean": -0.0962214469909668,
      "pred_std": 0.016144998371601105,
      "target_range": 0.008389336057007313,
      "num_samples": 86642
    }
  }
}