{
  "total_test_loss": 0.005219479453668817,
  "metrics": {
    "X": {
      "r2": 0.18129744927661665,
      "mae": 0.035506296902894974,
      "rmse": 0.047067806124687195,
      "correlation": 0.42579038185076074,
      "mae_normalized": 0.1016390323638916,
      "target_mean": 0.01670246571302414,
      "target_std": 0.05100669711828232,
      "pred_mean": 0.016992783173918724,
      "pred_std": 0.030953386798501015,
      "target_range": 0.34933722019195557,
      "num_samples": 18526
    },
    "Y": {
      "r2": 0.13169345446390676,
      "mae": 0.04040144011378288,
      "rmse": 0.054809682071208954,
      "correlation": 0.3628959278690059,
      "mae_normalized": 0.08995504677295685,
      "target_mean": 0.017015822231769562,
      "target_std": 0.05667257681488991,
      "pred_mean": 0.012123691849410534,
      "pred_std": 0.034399449825286865,
      "target_range": 0.44912922382354736,
      "num_samples": 18526
    }
  }
}