{
  "timestamp": "2026-01-30T15:21:03.263343",
  "model_info": {
    "num_parameters": 896030,
    "trainable_parameters": 896030
  },
  "metrics": {
    "adhesion_strength": {
      "name": "Adhesion Strength",
      "unit": "ratio",
      "nice_name": "\u7c98\u5408\u529b\u5f3a\u5ea6",
      "mse": 0.06692793220281601,
      "rmse": 0.2587043344974518,
      "mae": 0.20482662320137024,
      "r2": 0.34462404251098633,
      "mape": 879152576.0,
      "max_error": 0.6881265640258789,
      "median_error": 0.22794395685195923,
      "correlation": 0.5889511459328782,
      "within_tolerance": 16.560696384357236,
      "pred_mean": 0.3211280107498169,
      "pred_std": 0.20124027132987976,
      "target_mean": 0.3287988603115082,
      "target_std": 0.31956443190574646,
      "bias": -0.007670849561691284
    },
    "internal_stress": {
      "name": "Internal Stress",
      "unit": "MPa",
      "nice_name": "\u5185\u5e94\u529b",
      "mse": 4.802039623260498,
      "rmse": 2.1913557052612305,
      "mae": 1.4684369564056396,
      "r2": 0.33560270071029663,
      "mape": 7.404212474822998,
      "max_error": 24.4719181060791,
      "median_error": 0.9222698211669922,
      "correlation": 0.7064490924598698,
      "within_tolerance": 68.94998835333396,
      "pred_mean": 17.320247650146484,
      "pred_std": 1.8913750648498535,
      "target_mean": 18.407182693481445,
      "target_std": 2.6884312629699707,
      "bias": -1.086935043334961
    },
    "porosity": {
      "name": "Porosity",
      "unit": "%",
      "nice_name": "\u5b54\u9699\u7387",
      "mse": 8.963618278503418,
      "rmse": 2.9939303398132324,
      "mae": 2.518019676208496,
      "r2": -0.08205604553222656,
      "mape": 16.187755584716797,
      "max_error": 9.617999076843262,
      "median_error": 2.1583080291748047,
      "correlation": 0.6710712667335865,
      "within_tolerance": 33.82450631076756,
      "pred_mean": 19.37531852722168,
      "pred_std": 2.0214297771453857,
      "target_mean": 17.27718162536621,
      "target_std": 2.8781723976135254,
      "bias": 2.0981369018554688
    },
    "dimensional_accuracy": {
      "name": "Dimensional Accuracy",
      "unit": "mm",
      "nice_name": "\u5c3a\u5bf8\u7cbe\u5ea6",
      "mse": 0.0004084698739461601,
      "rmse": 0.020210636779665947,
      "mae": 0.019173884764313698,
      "r2": -0.8479621410369873,
      "mape": 11.912251472473145,
      "max_error": 0.03554006665945053,
      "median_error": 0.021912619471549988,
      "correlation": 0.09158753182770304,
      "within_tolerance": 20.796631956726166,
      "pred_mean": 0.146821990609169,
      "pred_std": 0.001564726117067039,
      "target_mean": 0.16057860851287842,
      "target_std": 0.014867347665131092,
      "bias": -0.013756617903709412
    },
    "quality_score": {
      "name": "Quality Score",
      "unit": "score",
      "nice_name": "\u8d28\u91cf\u5206\u6570",
      "mse": 0.017041660845279694,
      "rmse": 0.13054370880126953,
      "mae": 0.10582386702299118,
      "r2": 0.36495816707611084,
      "mape": 26.043760299682617,
      "max_error": 0.43041861057281494,
      "median_error": 0.11137032508850098,
      "correlation": 0.6094391873668094,
      "within_tolerance": 30.1734921881066,
      "pred_mean": 0.4399133324623108,
      "pred_std": 0.1012338250875473,
      "target_mean": 0.45300328731536865,
      "target_std": 0.1638154238462448,
      "bias": -0.013089954853057861
    }
  }
}